collection;date_sampling;date_assay;time_assay;ID;treatment;temperature;daily_mean;1-week_mean;2-week_mean;generation;vial_number;Ctmax;sex_confirmed;length1;length2;length3;position;species_gen;species;comment
1;2022-04-06;2022-04-07;morning;220407L1;wild;5.5;5.81;6.09;6.36;parental;1;20.28;m;NA;NA;NA;broken;not confirmed;hudsonica;inactive 
1;2022-04-06;2022-04-07;morning;220407L2;wild;5.5;5.81;6.09;6.36;parental;2;26.06;m;723;729;725;top;not confirmed;hudsonica;
1;2022-04-06;2022-04-07;morning;220407L3;wild;5.5;5.81;6.09;6.36;parental;3;27.21;f;858;846;855;side;not confirmed;hudsonica;
1;2022-04-06;2022-04-07;morning;220407L4;wild;5.5;5.81;6.09;6.36;parental;4;24.28;m;664;654;666;top;not confirmed;hudsonica;
1;2022-04-06;2022-04-07;morning;220407L5;wild;5.5;5.81;6.09;6.36;parental;5;26.64;f;787;788;799;top;not confirmed;hudsonica;
1;2022-04-06;2022-04-07;morning;220407L6;wild;5.5;5.81;6.09;6.36;parental;6;27.27;f;694;701;681;side;not confirmed;hudsonica;
1;2022-04-06;2022-04-07;morning;220407L7;wild;5.5;5.81;6.09;6.36;parental;7;26.16;m;852;854;842;top;not confirmed;hudsonica;
1;2022-04-06;2022-04-07;morning;220407L8;wild;5.5;5.81;6.09;6.36;parental;8;26.73;f;833;824;828;top;not confirmed;hudsonica;
1;2022-04-06;2022-04-07;morning;220407L9;wild;5.5;5.81;6.09;6.36;parental;9;26.81;f;697;696;690;top;not confirmed;hudsonica;
1;2022-04-06;2022-04-07;morning;220407L10;wild;5.5;5.81;6.09;6.36;parental;10;27.03;m;762;768;764;top;not confirmed;hudsonica;
1;2022-04-06;2022-04-07;afternoon;220407R1;wild;5.5;5.81;6.09;6.36;parental;1;24.64;f;872;859;869;side;not confirmed;hudsonica;
1;2022-04-06;2022-04-07;afternoon;220407R2;wild;5.5;5.81;6.09;6.36;parental;2;26.55;f;840;838;837;side;not confirmed;hudsonica;
1;2022-04-06;2022-04-07;afternoon;220407R3;wild;5.5;5.81;6.09;6.36;parental;3;25.98;f;895;884;880;side;not confirmed;hudsonica;
1;2022-04-06;2022-04-07;afternoon;220407R4;wild;5.5;5.81;6.09;6.36;parental;4;27.43;f;772;787;783;top;not confirmed;hudsonica;
1;2022-04-06;2022-04-07;afternoon;220407R5;wild;5.5;5.81;6.09;6.36;parental;5;23.29;f;828;820;822;top;not confirmed;hudsonica;
1;2022-04-06;2022-04-07;afternoon;220407R6;wild;5.5;5.81;6.09;6.36;parental;6;26.66;m;769;757;770;side;not confirmed;hudsonica;
1;2022-04-06;2022-04-07;afternoon;220407R7;wild;5.5;5.81;6.09;6.36;parental;7;23.08;m;766;748;760;top;not confirmed;hudsonica;
1;2022-04-06;2022-04-07;afternoon;220407R8;wild;5.5;5.81;6.09;6.36;parental;8;24.08;m;732;731;724;top;not confirmed;hudsonica;
1;2022-04-06;2022-04-07;afternoon;220407R9;wild;5.5;5.81;6.09;6.36;parental;9;25.51;m;726;728;733;top;not confirmed;hudsonica;
1;2022-04-06;2022-04-07;afternoon;220407R10;wild;5.5;5.81;6.09;6.36;parental;10;25.41;m;772;763;765;top;not confirmed;hudsonica;
1;2022-04-06;2022-04-08;morning;220408R1;wild;5.5;5.81;6.09;6.36;parental;1;26.65;f;872;859;869;side;not confirmed;hudsonica;
1;2022-04-06;2022-04-08;morning;220408R2;wild;5.5;5.81;6.09;6.36;parental;2;26.36;m;811;803;806;side;not confirmed;hudsonica;
1;2022-04-06;2022-04-08;morning;220408R3;wild;5.5;5.81;6.09;6.36;parental;3;24.78;m;722;725;724;side;not confirmed;hudsonica;
1;2022-04-06;2022-04-08;morning;220408R4;wild;5.5;5.81;6.09;6.36;parental;4;24.45;f;773;765;778;top;not confirmed;hudsonica;
1;2022-04-06;2022-04-08;morning;220408R5;wild;5.5;5.81;6.09;6.36;parental;5;27.43;f;815;828;815;top;not confirmed;hudsonica;
1;2022-04-06;2022-04-08;morning;220408R6;wild;5.5;5.81;6.09;6.36;parental;6;23.29;m;688;694;690;side;not confirmed;hudsonica;
1;2022-04-06;2022-04-08;morning;220408R7;wild;5.5;5.81;6.09;6.36;parental;7;27.15;m;768;777;778;top;not confirmed;hudsonica;
1;2022-04-06;2022-04-08;morning;220408R8;wild;5.5;5.81;6.09;6.36;parental;8;27.52;f;872;854;875;side;not confirmed;hudsonica;
1;2022-04-06;2022-04-08;morning;220408R9;wild;5.5;5.81;6.09;6.36;parental;9;24.89;f;894;901;892;top;not confirmed;hudsonica;
1;2022-04-06;2022-04-08;morning;220408R10;wild;5.5;5.81;6.09;6.36;parental;10;24.99;m;739;738;736;top;not confirmed;hudsonica;
1;2022-04-06;2022-04-08;afternoon;220408L1;wild;5.5;5.81;6.09;6.36;parental;1;27.47;f;797;796;787;top;not confirmed;hudsonica;
1;2022-04-06;2022-04-08;afternoon;220408L2;wild;5.5;5.81;6.09;6.36;parental;2;27.29;f;836;836;837;top;not confirmed;hudsonica;
1;2022-04-06;2022-04-08;afternoon;220408L3;wild;5.5;5.81;6.09;6.36;parental;3;28.16;f;687;689;700;side;not confirmed;hudsonica;
1;2022-04-06;2022-04-08;afternoon;220408L4;wild;5.5;5.81;6.09;6.36;parental;4;27.12;m;734;724;734;top;not confirmed;hudsonica;
1;2022-04-06;2022-04-08;afternoon;220408L5;wild;5.5;5.81;6.09;6.36;parental;5;23.55;m;701;691;701;top;not confirmed;hudsonica;
1;2022-04-06;2022-04-08;afternoon;220408L6;wild;5.5;5.81;6.09;6.36;parental;6;25.77;f;867;876;873;side;not confirmed;hudsonica;
1;2022-04-06;2022-04-08;afternoon;220408L7;wild;5.5;5.81;6.09;6.36;parental;7;28.42;f;813;818;811;side;not confirmed;hudsonica;
1;2022-04-06;2022-04-08;afternoon;220408L8;wild;5.5;5.81;6.09;6.36;parental;8;24.58;m;765;750;759;top;not confirmed;hudsonica;
1;2022-04-06;2022-04-08;afternoon;220408L9;wild;5.5;5.81;6.09;6.36;parental;9;25.16;m;772;773;768;top;not confirmed;hudsonica;
1;2022-04-06;2022-04-08;afternoon;220408L10;wild;5.5;5.81;6.09;6.36;parental;10;24.95;m;680;684;690;side;not confirmed;hudsonica;
1;2022-04-06;2022-04-26;morning;220426L1;warm;18;18;18;18;f1;1;29.05;m;680;677;677;top;not confirmed;hudsonica;
1;2022-04-06;2022-04-26;morning;220426L2;warm;18;18;18;18;f1;2;29.13;f;617;628;618;top;not confirmed;hudsonica;immature?
1;2022-04-06;2022-04-26;morning;220426L3;warm;18;18;18;18;f1;3;28.49;m;676;673;687;side;not confirmed;hudsonica;
1;2022-04-06;2022-04-26;morning;220426L4;warm;18;18;18;18;f1;4;28.56;f;733;724;718;side;not confirmed;hudsonica;
1;2022-04-06;2022-04-26;morning;220426L5;warm;18;18;18;18;f1;5;28.64;m;677;684;677;top;not confirmed;hudsonica;
1;2022-04-06;2022-04-26;morning;220426L6;warm;18;18;18;18;f1;6;28.76;f;671;614;621;top;not confirmed;hudsonica;immature?
1;2022-04-06;2022-04-26;morning;220426L7;warm;18;18;18;18;f1;7;29.22;m;663;668;667;top;not confirmed;hudsonica;
1;2022-04-06;2022-04-26;morning;220426L8;warm;18;18;18;18;f1;8;29.62;f;671;671;687;side;not confirmed;hudsonica;
1;2022-04-06;2022-04-26;morning;220426L9;warm;18;18;18;18;f1;9;28.90;m;661;671;654;top;not confirmed;hudsonica;
1;2022-04-06;2022-04-26;morning;220426L10;warm;18;18;18;18;f1;10;29.31;f;625;641;628;top;not confirmed;hudsonica;
1;2022-04-06;2022-04-26;afternoon;220426R1;warm;18;18;18;18;f1;1;28.84;m;667;664;677;top;not confirmed;hudsonica;
1;2022-04-06;2022-04-26;afternoon;220426R2;warm;18;18;18;18;f1;2;28.15;f;768;761;764;top;not confirmed;hudsonica;
1;2022-04-06;2022-04-26;afternoon;220426R3;warm;18;18;18;18;f1;3;28.75;m;711;692;711;side;not confirmed;hudsonica;
1;2022-04-06;2022-04-26;afternoon;220426R4;warm;18;18;18;18;f1;4;28.66;f;726;726;706;top;not confirmed;hudsonica;
1;2022-04-06;2022-04-26;afternoon;220426R5;warm;18;18;18;18;f1;5;27.87;m;710;711;706;side;not confirmed;hudsonica;
1;2022-04-06;2022-04-26;afternoon;220426R6;warm;18;18;18;18;f1;6;28.59;f;738;720;742;side;not confirmed;hudsonica;
1;2022-04-06;2022-04-26;afternoon;220426R7;warm;18;18;18;18;f1;7;28.26;m;654;659;667;side;not confirmed;hudsonica;
1;2022-04-06;2022-04-26;afternoon;220426R8;warm;18;18;18;18;f1;8;29.11;f;NA;NA;NA;NA;not confirmed;hudsonica;lost during preservation
1;2022-04-06;2022-04-26;afternoon;220426R9;warm;18;18;18;18;f1;9;NA;NA;NA;NA;NA;NA;not confirmed;hudsonica;no individual spotted
1;2022-04-06;2022-04-26;afternoon;220426R10;warm;18;18;18;18;f1;10;29.22;f;647;650;651;side;not confirmed;hudsonica;
1;2022-04-06;2022-04-27;morning;220427R1;warm;18;18;18;18;f1;1;29.46;f;734;740;751;top;not confirmed;hudsonica;
1;2022-04-06;2022-04-27;morning;220427R2;warm;18;18;18;18;f1;2;28.95;f;710;714;719;top;not confirmed;hudsonica;
1;2022-04-06;2022-04-27;morning;220427R3;warm;18;18;18;18;f1;3;28.54;m;666;656;658;top;not confirmed;hudsonica;
1;2022-04-06;2022-04-27;morning;220427R4;warm;18;18;18;18;f1;4;28.05;m;661;661;666;side;not confirmed;hudsonica;
1;2022-04-06;2022-04-27;morning;220427R5;warm;18;18;18;18;f1;5;28.76;m;654;656;653;side;not confirmed;hudsonica;
1;2022-04-06;2022-04-27;morning;220427R6;warm;18;18;18;18;f1;6;29.38;f;668;674;669;top;not confirmed;hudsonica;
1;2022-04-06;2022-04-27;morning;220427R7;warm;18;18;18;18;f1;7;27.75;m;632;632;629;top;not confirmed;hudsonica;
1;2022-04-06;2022-04-27;morning;220427R8;warm;18;18;18;18;f1;8;29.30;f;736;738;735;top;not confirmed;hudsonica;
1;2022-04-06;2022-04-27;morning;220427R9;warm;18;18;18;18;f1;9;28.87;f;698;695;705;side;not confirmed;hudsonica;
1;2022-04-06;2022-04-27;morning;220427R10;warm;18;18;18;18;f1;10;28.35;m;649;655;661;top;not confirmed;hudsonica;
1;2022-04-06;2022-04-27;afternoon;220427L1;warm;18;18;18;18;f1;1;28.15;m;707;713;717;top;not confirmed;hudsonica;
1;2022-04-06;2022-04-27;afternoon;220427L2;warm;18;18;18;18;f1;2;28.88;f;738;737;724;top;not confirmed;hudsonica;
1;2022-04-06;2022-04-27;afternoon;220427L3;warm;18;18;18;18;f1;3;28.58;m;673;670;675;top;not confirmed;hudsonica;
1;2022-04-06;2022-04-27;afternoon;220427L4;warm;18;18;18;18;f1;4;27.92;m;714;706;713;top;not confirmed;hudsonica;
1;2022-04-06;2022-04-27;afternoon;220427L5;warm;18;18;18;18;f1;5;28.25;f;753;742;756;side;not confirmed;hudsonica;
1;2022-04-06;2022-04-27;afternoon;220427L6;warm;18;18;18;18;f1;6;28.65;f;679;691;684;side;not confirmed;hudsonica;
1;2022-04-06;2022-04-27;afternoon;220427L7;warm;18;18;18;18;f1;7;28.35;m;689;678;689;top;not confirmed;hudsonica;
1;2022-04-06;2022-04-27;afternoon;220427L8;warm;18;18;18;18;f1;8;28.45;m;640;640;638;top;not confirmed;hudsonica;
1;2022-04-06;2022-04-27;afternoon;220427L9;warm;18;18;18;18;f1;9;29.30;f;758;744;746;top;not confirmed;hudsonica;
1;2022-04-06;2022-04-27;afternoon;220427L10;warm;18;18;18;18;f1;10;28.74;f;702;695;701;side;not confirmed;hudsonica;
1;2022-04-06;2022-05-10;morning;220510L1;cold;11;11;11;11;f1;1;27.55;m;743;739;747;side;not confirmed;hudsonica;
1;2022-04-06;2022-05-10;morning;220510L2;cold;11;11;11;11;f1;2;28.03;f;798;796;807;side;not confirmed;hudsonica;
1;2022-04-06;2022-05-10;morning;220510L3;cold;11;11;11;11;f1;3;28.60;f;771;773;788;top;not confirmed;hudsonica;2 inside
1;2022-04-06;2022-05-10;morning;220510L4;cold;11;11;11;11;f1;4;27.20;m;731;721;724;side;not confirmed;hudsonica;
1;2022-04-06;2022-05-10;morning;220510L5;cold;11;11;11;11;f1;5;27.73;m;756;756;755;top;not confirmed;hudsonica;
1;2022-04-06;2022-05-10;morning;220510L6;cold;11;11;11;11;f1;6;27.85;m;714;709;715;side;not confirmed;hudsonica;
1;2022-04-06;2022-05-10;morning;220510L7;cold;11;11;11;11;f1;7;28.18;f;817;827;827;side;not confirmed;hudsonica;
1;2022-04-06;2022-05-10;morning;220510L8;cold;11;11;11;11;f1;8;27.95;m;737;728;734;side;not confirmed;hudsonica;
1;2022-04-06;2022-05-10;morning;220510L9;cold;11;11;11;11;f1;9;28.75;f;785;783;784;side;not confirmed;hudsonica;
1;2022-04-06;2022-05-10;morning;220510L10;cold;11;11;11;11;f1;10;26.79;m;752;758;750;top;not confirmed;hudsonica;
1;2022-04-06;2022-05-10;afternoon;220510R1;cold;11;11;11;11;f1;1;27.72;f;848;855;852;top;not confirmed;hudsonica;
1;2022-04-06;2022-05-10;afternoon;220510R2;cold;11;11;11;11;f1;2;27.96;f;792;788;795;top;not confirmed;hudsonica;
1;2022-04-06;2022-05-10;afternoon;220510R3;cold;11;11;11;11;f1;3;27.80;m;740;731;728;top;not confirmed;hudsonica;
1;2022-04-06;2022-05-10;afternoon;220510R4;cold;11;11;11;11;f1;4;27.13;m;739;741;757;top;not confirmed;hudsonica;
1;2022-04-06;2022-05-10;afternoon;220510R5;cold;11;11;11;11;f1;5;28.30;f;866;859;863;side;not confirmed;hudsonica;
1;2022-04-06;2022-05-10;afternoon;220510R6;cold;11;11;11;11;f1;6;28.51;f;730;734;736;top;not confirmed;hudsonica;
1;2022-04-06;2022-05-10;afternoon;220510R7;cold;11;11;11;11;f1;7;28.18;m;749;756;747;side;not confirmed;hudsonica;
1;2022-04-06;2022-05-10;afternoon;220510R8;cold;11;11;11;11;f1;8;27.02;f;820;821;828;side;not confirmed;hudsonica;
1;2022-04-06;2022-05-10;afternoon;220510R9;cold;11;11;11;11;f1;9;27.27;m;720;738;735;top;not confirmed;hudsonica;
1;2022-04-06;2022-05-10;afternoon;220510R10;cold;11;11;11;11;f1;10;27.63;m;689;690;705;top;not confirmed;hudsonica;
1;2022-04-06;2022-05-11;morning;220511R1;cold;11;11;11;11;f1;1;28.06;f;851;861;859;side;not confirmed;hudsonica;
1;2022-04-06;2022-05-11;morning;220511R2;cold;11;11;11;11;f1;2;27.37;f;708;709;711;side;not confirmed;hudsonica;
1;2022-04-06;2022-05-11;morning;220511R3;cold;11;11;11;11;f1;3;28.26;f;836;826;847;side;not confirmed;hudsonica;
1;2022-04-06;2022-05-11;morning;220511R4;cold;11;11;11;11;f1;4;28.18;m;667;663;682;top;not confirmed;hudsonica;
1;2022-04-06;2022-05-11;morning;220511R5;cold;11;11;11;11;f1;5;27.55;m;664;671;679;top;not confirmed;hudsonica;
1;2022-04-06;2022-05-11;morning;220511R6;cold;11;11;11;11;f1;6;27.64;m;744;753;752;side;not confirmed;hudsonica;
1;2022-04-06;2022-05-11;morning;220511R7;cold;11;11;11;11;f1;7;27.73;f;855;850;836;side;not confirmed;hudsonica;
1;2022-04-06;2022-05-11;morning;220511R8;cold;11;11;11;11;f1;8;27.82;m;735;749;750;side;not confirmed;hudsonica;
1;2022-04-06;2022-05-11;morning;220511R9;cold;11;11;11;11;f1;9;27.90;f;773;771;784;top;not confirmed;hudsonica;
1;2022-04-06;2022-05-11;morning;220511R10;cold;11;11;11;11;f1;10;27.99;m;746;747;756;top;not confirmed;hudsonica;
1;2022-04-06;2022-05-11;afternoon;220511L1;cold;11;11;11;11;f1;1;27.02;f;805;805;810;side;not confirmed;hudsonica;
1;2022-04-06;2022-05-11;afternoon;220511L2;cold;11;11;11;11;f1;2;28.19;f;829;839;833;side;not confirmed;hudsonica;
1;2022-04-06;2022-05-11;afternoon;220511L3;cold;11;11;11;11;f1;3;26.45;m;763;767;763;side;not confirmed;hudsonica;
1;2022-04-06;2022-05-11;afternoon;220511L4;cold;11;11;11;11;f1;4;28.02;m;731;740;728;side;not confirmed;hudsonica;
1;2022-04-06;2022-05-11;afternoon;220511L5;cold;11;11;11;11;f1;5;28.10;f;816;821;809;side;not confirmed;hudsonica;
1;2022-04-06;2022-05-11;afternoon;220511L6;cold;11;11;11;11;f1;6;27.43;f;807;807;810;top;not confirmed;hudsonica;
1;2022-04-06;2022-05-11;afternoon;220511L7;cold;11;11;11;11;f1;7;27.52;m;773;772;787;side;not confirmed;hudsonica;
1;2022-04-06;2022-05-11;afternoon;220511L8;cold;11;11;11;11;f1;8;26.75;m;779;782;773;side;not confirmed;hudsonica;
1;2022-04-06;2022-05-11;afternoon;220511L9;cold;11;11;11;11;f1;9;27.86;f;841;834;846;side;not confirmed;hudsonica;
1;2022-04-06;2022-05-11;afternoon;220511L10;cold;11;11;11;11;f1;10;27.64;m;689;695;682;top;not confirmed;hudsonica;
2;2022-05-16;2022-05-17;morning;220517R1;wild;12.0;12.66;11.29;11.44;parental;1;27.23;f;851;851;851;side;not confirmed;hudsonica;particles
2;2022-05-16;2022-05-17;morning;220517R2;wild;12.0;12.66;11.29;11.44;parental;2;28.90;f;781;792;788;top;not confirmed;hudsonica;
2;2022-05-16;2022-05-17;morning;220517R3;wild;12.0;12.66;11.29;11.44;parental;3;27.38;m;724;724;734;top;not confirmed;hudsonica;
2;2022-05-16;2022-05-17;morning;220517R4;wild;12.0;12.66;11.29;11.44;parental;4;28.21;m;741;737;747;top;not confirmed;hudsonica;
2;2022-05-16;2022-05-17;morning;220517R5;wild;12.0;12.66;11.29;11.44;parental;5;27.94;m;758;752;757;top;not confirmed;hudsonica;
2;2022-05-16;2022-05-17;morning;220517R6;wild;12.0;12.66;11.29;11.44;parental;6;27.58;f;830;844;827;side;not confirmed;hudsonica;
2;2022-05-16;2022-05-17;morning;220517R7;wild;12.0;12.66;11.29;11.44;parental;7;28.08;f;887;881;889;side;not confirmed;hudsonica;
2;2022-05-16;2022-05-17;morning;220517R8;wild;12.0;12.66;11.29;11.44;parental;8;28.47;f;858;864;867;top;not confirmed;hudsonica;
2;2022-05-16;2022-05-17;morning;220517R9;wild;12.0;12.66;11.29;11.44;parental;9;27.14;m;766;752;757;side;not confirmed;hudsonica;
2;2022-05-16;2022-05-17;morning;220517R10;wild;12.0;12.66;11.29;11.44;parental;10;27.83;m;711;715;717;top;not confirmed;hudsonica;
2;2022-05-16;2022-05-17;afternoon;220517L1;wild;12.0;12.66;11.29;11.44;parental;1;28.32;m;622;611;628;top;not confirmed;hudsonica;
2;2022-05-16;2022-05-17;afternoon;220517L2;wild;12.0;12.66;11.29;11.44;parental;2;28.82;f;780;789;789;side;not confirmed;hudsonica;
2;2022-05-16;2022-05-17;afternoon;220517L3;wild;12.0;12.66;11.29;11.44;parental;3;27.36;m;677;703;695;top;not confirmed;hudsonica;
2;2022-05-16;2022-05-17;afternoon;220517L4;wild;12.0;12.66;11.29;11.44;parental;4;28.41;f;792;792;789;side;not confirmed;hudsonica;
2;2022-05-16;2022-05-17;afternoon;220517L5;wild;12.0;12.66;11.29;11.44;parental;5;28.50;m;724;710;713;top;not confirmed;hudsonica;
2;2022-05-16;2022-05-17;afternoon;220517L6;wild;12.0;12.66;11.29;11.44;parental;6;25.81;f;789;790;794;side;not confirmed;hudsonica;active after removal
2;2022-05-16;2022-05-17;afternoon;220517L7;wild;12.0;12.66;11.29;11.44;parental;7;27.94;m;708;721;721;top;not confirmed;hudsonica;
2;2022-05-16;2022-05-17;afternoon;220517L8;wild;12.0;12.66;11.29;11.44;parental;8;28.62;f;849;842;846;side;not confirmed;hudsonica;
2;2022-05-16;2022-05-17;afternoon;220517L9;wild;12.0;12.66;11.29;11.44;parental;9;28.13;m;722;725;733;top;not confirmed;hudsonica;
2;2022-05-16;2022-05-17;afternoon;220517L10;wild;12.0;12.66;11.29;11.44;parental;10;28.22;f;834;840;836;side;not confirmed;hudsonica;
2;2022-05-16;2022-05-18;morning;220518L1;wild;12.0;12.66;11.29;11.44;parental;1;26.71;m;730;738;741;top;not confirmed;hudsonica;particles
2;2022-05-16;2022-05-18;morning;220518L2;wild;12.0;12.66;11.29;11.44;parental;2;27.04;f;925;928;926;side;not confirmed;hudsonica;particles
2;2022-05-16;2022-05-18;morning;220518L3;wild;12.0;12.66;11.29;11.44;parental;3;28.86;m;724;731;732;side;not confirmed;hudsonica;
2;2022-05-16;2022-05-18;morning;220518L4;wild;12.0;12.66;11.29;11.44;parental;4;28.00;m;703;699;698;top;not confirmed;hudsonica;
2;2022-05-16;2022-05-18;morning;220518L5;wild;12.0;12.66;11.29;11.44;parental;5;28.13;f;826;827;830;side;not confirmed;hudsonica;
2;2022-05-16;2022-05-18;morning;220518L6;wild;12.0;12.66;11.29;11.44;parental;6;28.51;f;856;861;861;side;not confirmed;hudsonica;particles
2;2022-05-16;2022-05-18;morning;220518L7;wild;12.0;12.66;11.29;11.44;parental;7;27.75;m;697;701;706;top;not confirmed;hudsonica;
2;2022-05-16;2022-05-18;morning;220518L8;wild;12.0;12.66;11.29;11.44;parental;8;28.32;f;839;850;852;side;not confirmed;hudsonica;
2;2022-05-16;2022-05-18;morning;220518L9;wild;12.0;12.66;11.29;11.44;parental;9;27.43;m;726;747;750;top;not confirmed;hudsonica;
2;2022-05-16;2022-05-18;morning;220518L10;wild;12.0;12.66;11.29;11.44;parental;10;28.78;f;822;827;825;side;not confirmed;hudsonica;
2;2022-05-16;2022-05-18;afternoon;220518R1;wild;12.0;12.66;11.29;11.44;parental;1;28.33;f;801;797;792;side;not confirmed;hudsonica;
2;2022-05-16;2022-05-18;afternoon;220518R2;wild;12.0;12.66;11.29;11.44;parental;2;27.88;m;740;744;747;side;not confirmed;hudsonica;particles
2;2022-05-16;2022-05-18;afternoon;220518R3;wild;12.0;12.66;11.29;11.44;parental;3;28.15;f;832;822;838;top;not confirmed;hudsonica;
2;2022-05-16;2022-05-18;afternoon;220518R4;wild;12.0;12.66;11.29;11.44;parental;4;28.70;f;800;818;803;side;not confirmed;hudsonica;
2;2022-05-16;2022-05-18;afternoon;220518R5;wild;12.0;12.66;11.29;11.44;parental;5;27.56;f;780;788;787;side;not confirmed;hudsonica;
2;2022-05-16;2022-05-18;afternoon;220518R6;wild;12.0;12.66;11.29;11.44;parental;6;27.09;m;738;735;738;top;not confirmed;hudsonica;
2;2022-05-16;2022-05-18;afternoon;220518R7;wild;12.0;12.66;11.29;11.44;parental;7;25.70;m;748;759;752;top;not confirmed;hudsonica;particles
2;2022-05-16;2022-05-18;afternoon;220518R8;wild;12.0;12.66;11.29;11.44;parental;8;28.61;f;792;797;783;side;not confirmed;hudsonica;
2;2022-05-16;2022-05-18;afternoon;220518R9;wild;12.0;12.66;11.29;11.44;parental;9;27.69;m;770;767;754;side;not confirmed;hudsonica;
2;2022-05-16;2022-05-18;afternoon;220518R10;wild;12.0;12.66;11.29;11.44;parental;10;26.82;m;765;770;773;top;not confirmed;hudsonica;particles
2;2022-05-16;2022-06-08;morning;220608L1;warm;18;18;18;18;f1;1;29.19;f;729;728;734;side;not confirmed;hudsonica;
2;2022-05-16;2022-06-08;morning;220608L2;warm;18;18;18;18;f1;2;28.37;f;602;614;614;side;not confirmed;hudsonica;immature?
2;2022-05-16;2022-06-08;morning;220608L3;warm;18;18;18;18;f1;3;27.85;f;692;681;689;side;not confirmed;hudsonica;
2;2022-05-16;2022-06-08;morning;220608L4;warm;18;18;18;18;f1;4;28.94;f;661;662;663;side;not confirmed;hudsonica;
2;2022-05-16;2022-06-08;morning;220608L5;warm;18;18;18;18;f1;5;29.01;f;612;622;621;side;not confirmed;hudsonica;
2;2022-05-16;2022-06-08;morning;220608L6;warm;18;18;18;18;f1;6;28.57;f;714;725;721;side;not confirmed;hudsonica;
2;2022-05-16;2022-06-08;morning;220608L7;warm;18;18;18;18;f1;7;29.10;f;615;611;620;top;not confirmed;hudsonica;immature?
2;2022-05-16;2022-06-08;morning;220608L8;warm;18;18;18;18;f1;8;28.85;f;592;596;592;side;not confirmed;hudsonica;immature?
2;2022-05-16;2022-06-08;morning;220608L9;warm;18;18;18;18;f1;9;28.78;f;641;640;649;side;not confirmed;hudsonica;
2;2022-05-16;2022-06-08;morning;220608L10;warm;18;18;18;18;f1;10;28.22;f;627;682;678;side;not confirmed;hudsonica;
2;2022-05-16;2022-06-08;afternoon;220608R1;warm;18;18;18;18;f1;1;27.92;m;686;687;682;top;not confirmed;hudsonica;
2;2022-05-16;2022-06-08;afternoon;220608R2;warm;18;18;18;18;f1;2;28.99;m;677;672;666;side;not confirmed;hudsonica;
2;2022-05-16;2022-06-08;afternoon;220608R3;warm;18;18;18;18;f1;3;28.05;m;657;663;649;side;not confirmed;hudsonica;
2;2022-05-16;2022-06-08;afternoon;220608R4;warm;18;18;18;18;f1;4;28.38;m;658;662;658;top;not confirmed;hudsonica;
2;2022-05-16;2022-06-08;afternoon;220608R5;warm;18;18;18;18;f1;5;28.65;m;645;641;640;top;not confirmed;hudsonica;
2;2022-05-16;2022-06-08;afternoon;220608R6;warm;18;18;18;18;f1;6;28.47;m;675;675;675;top;not confirmed;hudsonica;
2;2022-05-16;2022-06-08;afternoon;220608R7;warm;18;18;18;18;f1;7;28.74;m;670;669;666;side;not confirmed;hudsonica;
2;2022-05-16;2022-06-08;afternoon;220608R8;warm;18;18;18;18;f1;8;28.25;m;658;659;662;side;not confirmed;hudsonica;
2;2022-05-16;2022-06-10;morning;220610R1;warm;18;18;18;18;f1;1;28.81;m;639;654;650;side;not confirmed;hudsonica;
2;2022-05-16;2022-06-10;morning;220610R2;warm;18;18;18;18;f1;2;27.58;f;718;720;719;top;not confirmed;hudsonica;
2;2022-05-16;2022-06-10;morning;220610R3;warm;18;18;18;18;f1;3;29.05;f;658;667;667;top;not confirmed;hudsonica;
2;2022-05-16;2022-06-10;morning;220610R4;warm;18;18;18;18;f1;4;28.18;m;620;630;627;side;not confirmed;hudsonica;
2;2022-05-16;2022-06-10;morning;220610R5;warm;18;18;18;18;f1;5;28.56;m;649;646;641;top;not confirmed;hudsonica;
2;2022-05-16;2022-06-10;morning;220610R6;warm;18;18;18;18;f1;6;29.16;f;711;712;712;top;not confirmed;hudsonica;
2;2022-05-16;2022-06-10;morning;220610R7;warm;18;18;18;18;f1;7;29.24;f;645;649;662;side;not confirmed;hudsonica;
2;2022-05-16;2022-06-10;morning;220610R8;warm;18;18;18;18;f1;8;28.99;f;656;652;652;top;not confirmed;hudsonica;
2;2022-05-16;2022-06-10;morning;220610R9;warm;18;18;18;18;f1;9;28.73;m;635;640;635;top;not confirmed;hudsonica;
2;2022-05-16;2022-06-10;morning;220610R10;warm;18;18;18;18;f1;10;27.50;m;658;660;658;side;not confirmed;hudsonica;
2;2022-05-16;2022-06-10;afternoon;220610L1;warm;18;18;18;18;f1;1;29.12;m;658;643;649;side;not confirmed;hudsonica;
2;2022-05-16;2022-06-10;afternoon;220610L2;warm;18;18;18;18;f1;2;29.20;m;614;614;618;top;not confirmed;hudsonica;
2;2022-05-16;2022-06-10;afternoon;220610L3;warm;18;18;18;18;f1;3;29.28;f;736;741;744;side;not confirmed;hudsonica;
2;2022-05-16;2022-06-10;afternoon;220610L4;warm;18;18;18;18;f1;4;28.99;f;697;706;705;side;not confirmed;hudsonica;
2;2022-05-16;2022-06-10;afternoon;220610L5;warm;18;18;18;18;f1;5;29.02;f;687;684;684;top;not confirmed;hudsonica;
2;2022-05-16;2022-06-10;afternoon;220610L6;warm;18;18;18;18;f1;6;27.82;m;653;666;663;top;not confirmed;hudsonica;
2;2022-05-16;2022-06-10;afternoon;220610L7;warm;18;18;18;18;f1;7;29.85;f;730;723;730;side;not confirmed;hudsonica;
2;2022-05-16;2022-06-10;afternoon;220610L8;warm;18;18;18;18;f1;8;28.48;m;615;624;627;side;not confirmed;hudsonica;
2;2022-05-16;2022-06-10;afternoon;220610L9;warm;18;18;18;18;f1;9;27.92;m;668;686;695;side;not confirmed;hudsonica;
2;2022-05-16;2022-06-10;afternoon;220610L10;warm;18;18;18;18;f1;10;28.80;f;688;688;689;side;not confirmed;hudsonica;
3;2022-06-13;2022-06-15;morning;220615R1;wild;11.5;12.37;11.99;12.86;parental;1;29.13;f;692;696;699;top;not confirmed;;
3;2022-06-13;2022-06-15;morning;220615R2;wild;11.5;12.37;11.99;12.86;parental;2;27.17;m;665;671;675;top;not confirmed;;
3;2022-06-13;2022-06-15;morning;220615R3;wild;11.5;12.37;11.99;12.86;parental;3;28.18;m;668;661;671;top;not confirmed;;
3;2022-06-13;2022-06-15;morning;220615R4;wild;11.5;12.37;11.99;12.86;parental;4;26.60;m;NA;NA;NA;NA;not confirmed;;destroyed
3;2022-06-13;2022-06-15;morning;220615R5;wild;11.5;12.37;11.99;12.86;parental;5;27.79;f;744;746;750;side;not confirmed;;
3;2022-06-13;2022-06-15;morning;220615R6;wild;11.5;12.37;11.99;12.86;parental;6;29.57;f;756;761;754;side;not confirmed;;
3;2022-06-13;2022-06-15;morning;220615R7;wild;11.5;12.37;11.99;12.86;parental;7;27.49;m;707;704;707;top;not confirmed;;
3;2022-06-13;2022-06-15;morning;220615R8;wild;11.5;12.37;11.99;12.86;parental;8;26.69;f;745;736;742;side;not confirmed;;
3;2022-06-13;2022-06-15;morning;220615R9;wild;11.5;12.37;11.99;12.86;parental;9;25.07;m;721;704;715;top;not confirmed;;
3;2022-06-13;2022-06-15;morning;220615R10;wild;11.5;12.37;11.99;12.86;parental;10;30.04;f;770;767;775;side;not confirmed;;
3;2022-06-13;2022-06-15;afternoon;220615L1;wild;11.5;12.37;11.99;12.86;parental;1;27.69;m;699;705;709;top;not confirmed;;
3;2022-06-13;2022-06-15;afternoon;220615L2;wild;11.5;12.37;11.99;12.86;parental;2;27.16;f;762;769;759;top;not confirmed;;
3;2022-06-13;2022-06-15;afternoon;220615L3;wild;11.5;12.37;11.99;12.86;parental;3;27.80;f;693;700;693;side;not confirmed;;
3;2022-06-13;2022-06-15;afternoon;220615L4;wild;11.5;12.37;11.99;12.86;parental;4;27.28;m;676;680;680;side;not confirmed;;
3;2022-06-13;2022-06-15;afternoon;220615L5;wild;11.5;12.37;11.99;12.86;parental;5;28.68;f;757;760;760;side;not confirmed;;
3;2022-06-13;2022-06-15;afternoon;220615L6;wild;11.5;12.37;11.99;12.86;parental;6;26.86;m;682;684;685;top;not confirmed;;
3;2022-06-13;2022-06-15;afternoon;220615L7;wild;11.5;12.37;11.99;12.86;parental;7;29.36;f;730;729;737;side;not confirmed;;
3;2022-06-13;2022-06-15;afternoon;220615L8;wild;11.5;12.37;11.99;12.86;parental;8;27.38;m;724;732;721;top;not confirmed;;
3;2022-06-13;2022-06-15;afternoon;220615L9;wild;11.5;12.37;11.99;12.86;parental;9;28.20;m;697;690;700;top;not confirmed;;
3;2022-06-13;2022-06-15;afternoon;220615L10;wild;11.5;12.37;11.99;12.86;parental;10;28.03;f;NA;NA;NA;NA;not confirmed;;broken
3;2022-06-13;2022-06-16;morning;220616L1;wild;11.5;12.37;11.99;12.86;parental;1;28.36;f;740;740;740;top;not confirmed;;
3;2022-06-13;2022-06-16;morning;220616L2;wild;11.5;12.37;11.99;12.86;parental;2;28.45;f;746;752;747;side;not confirmed;;
3;2022-06-13;2022-06-16;morning;220616L3;wild;11.5;12.37;11.99;12.86;parental;3;27.98;m;611;622;616;top;not confirmed;;
3;2022-06-13;2022-06-16;morning;220616L4;wild;11.5;12.37;11.99;12.86;parental;4;27.27;m;691;691;694;top;not confirmed;;
3;2022-06-13;2022-06-16;morning;220616L5;wild;11.5;12.37;11.99;12.86;parental;5;27.71;f;768;764;773;side;not confirmed;;
3;2022-06-13;2022-06-16;morning;220616L6;wild;11.5;12.37;11.99;12.86;parental;6;28.99;f;774;772;775;top;not confirmed;;
3;2022-06-13;2022-06-16;morning;220616L7;wild;11.5;12.37;11.99;12.86;parental;7;26.80;m;663;662;667;side;not confirmed;;
3;2022-06-13;2022-06-16;morning;220616L8;wild;11.5;12.37;11.99;12.86;parental;8;28.94;m;705;715;711;top;not confirmed;;
3;2022-06-13;2022-06-16;morning;220616L9;wild;11.5;12.37;11.99;12.86;parental;9;27.85;f;734;725;725;side;not confirmed;;
3;2022-06-13;2022-06-16;morning;220616L10;wild;11.5;12.37;11.99;12.86;parental;10;27.51;m;638;648;638;side;not confirmed;;
3;2022-06-13;2022-06-16;afternoon;220616R1;wild;11.5;12.37;11.99;12.86;parental;1;28.00;m;632;646;645;top;not confirmed;;signs of movement
3;2022-06-13;2022-06-16;afternoon;220616R2;wild;11.5;12.37;11.99;12.86;parental;2;29.24;f;752;742;749;side;not confirmed;;
3;2022-06-13;2022-06-16;afternoon;220616R3;wild;11.5;12.37;11.99;12.86;parental;3;26.19;m;704;694;698;side;not confirmed;;
3;2022-06-13;2022-06-16;afternoon;220616R4;wild;11.5;12.37;11.99;12.86;parental;4;28.42;f;753;749;751;side;not confirmed;;
3;2022-06-13;2022-06-16;afternoon;220616R5;wild;11.5;12.37;11.99;12.86;parental;5;29.01;f;683;688;698;side;not confirmed;;
3;2022-06-13;2022-06-16;afternoon;220616R6;wild;11.5;12.37;11.99;12.86;parental;6;27.27;m;689;701;692;side;not confirmed;;
3;2022-06-13;2022-06-16;afternoon;220616R7;wild;11.5;12.37;11.99;12.86;parental;7;27.03;m;674;687;679;top;not confirmed;;
3;2022-06-13;2022-06-16;afternoon;220616R8;wild;11.5;12.37;11.99;12.86;parental;8;29.10;f;743;747;740;side;not confirmed;;
3;2022-06-13;2022-06-16;afternoon;220616R9;wild;11.5;12.37;11.99;12.86;parental;9;26.90;m;664;662;665;side;not confirmed;;
3;2022-06-13;2022-06-16;afternoon;220616R10;wild;11.5;12.37;11.99;12.86;parental;10;28.60;f;737;734;740;side;not confirmed;;
2;2022-05-16;2022-06-23;morning;220623R1;cold;11;11;11;11;f1;1;27.02;f;768;769;766;side;not confirmed;hudsonica;
2;2022-05-16;2022-06-23;morning;220623R2;cold;11;11;11;11;f1;2;24.41;f;707;705;717;side;not confirmed;hudsonica;
2;2022-05-16;2022-06-23;morning;220623R3;cold;11;11;11;11;f1;3;26.87;f;743;743;736;top;not confirmed;hudsonica;2 individuals (big one)
2;2022-05-16;2022-06-23;morning;220623R3.2;cold;11;11;11;11;f1;3;27.88;f;637;624;630;side;not confirmed;hudsonica;2 individuals (little one)
2;2022-05-16;2022-06-23;morning;220623R4;cold;11;11;11;11;f1;4;24.54;m;720;717;727;top;not confirmed;hudsonica;
2;2022-05-16;2022-06-23;morning;220623R5;cold;11;11;11;11;f1;5;27.20;f;677;684;674;top;not confirmed;hudsonica;
2;2022-05-16;2022-06-23;morning;220623R6;cold;11;11;11;11;f1;6;25.20;f;781;789;787;side;not confirmed;hudsonica;
2;2022-05-16;2022-06-23;morning;220623R7;cold;11;11;11;11;f1;7;22.41;m;750;747;750;top;not confirmed;hudsonica;very inactive from the start
2;2022-05-16;2022-06-23;morning;220623R8;cold;11;11;11;11;f1;8;28.21;f;722;728;722;side;not confirmed;hudsonica;
2;2022-05-16;2022-06-23;morning;220623R9;cold;11;11;11;11;f1;9;26.92;f;834;840;832;side;not confirmed;hudsonica;
2;2022-05-16;2022-06-23;morning;220623R10;cold;11;11;11;11;f1;10;27.43;f;707;704;700;top;not confirmed;hudsonica;
2;2022-05-16;2022-06-28;morning;220628R1;cold;11;11;11;11;f1;1;26.03;f;779;782;789;side;not confirmed;hudsonica;
2;2022-05-16;2022-06-28;morning;220628R2;cold;11;11;11;11;f1;2;24.79;f;693;702;699;side;not confirmed;hudsonica;
2;2022-05-16;2022-06-28;morning;220628R3;cold;11;11;11;11;f1;3;24.49;f;645;635;641;side;not confirmed;hudsonica;
2;2022-05-16;2022-06-28;morning;220628R4;cold;11;11;11;11;f1;4;25.65;m;694;684;706;top;not confirmed;hudsonica;
2;2022-05-16;2022-06-28;morning;220628R5;cold;11;11;11;11;f1;5;25.90;f;651;651;648;top;not confirmed;hudsonica;
2;2022-05-16;2022-06-28;morning;220628R6;cold;11;11;11;11;f1;6;27.13;f;648;658;655;side;not confirmed;hudsonica;
2;2022-05-16;2022-06-28;morning;220628R7;cold;11;11;11;11;f1;7;26.29;f;654;664;658;top;not confirmed;hudsonica;
2;2022-05-16;2022-06-28;morning;220628R8;cold;11;11;11;11;f1;8;24.95;m;675;673;671;side;not confirmed;hudsonica;
2;2022-05-16;2022-06-28;morning;220628R9;cold;11;11;11;11;f1;9;26.90;f;643;637;647;side;not confirmed;hudsonica;
4;2022-06-27;2022-06-29;morning;220629R1;wild;18.6;18.35;17.78;16.55;parental;1;29.21;f;663;666;665;side;not confirmed;hudsonica;squished, size altered
4;2022-06-27;2022-06-29;morning;220629R2;wild;18.6;18.35;17.78;16.55;parental;2;28.67;m;685;687;682;side;not confirmed;hudsonica;R3_02
4;2022-06-27;2022-06-29;morning;220629R3;wild;18.6;18.35;17.78;16.55;parental;3;29.28;f;749;756;753;side;not confirmed;hudsonica;two in eppendorf but not in test tube
4;2022-06-27;2022-06-29;morning;220629R4;wild;18.6;18.35;17.78;16.55;parental;4;28.42;m;671;673;667;top;not confirmed;hudsonica;
4;2022-06-27;2022-06-29;morning;220629R5;wild;18.6;18.35;17.78;16.55;parental;5;29.37;m;674;674;677;top;not confirmed;hudsonica;
4;2022-06-27;2022-06-29;morning;220629R6;wild;18.6;18.35;17.78;16.55;parental;6;28.15;m;675;681;671;top;not confirmed;hudsonica;
4;2022-06-27;2022-06-29;morning;220629R7;wild;18.6;18.35;17.78;16.55;parental;7;28.93;m;679;686;679;top;not confirmed;hudsonica;
4;2022-06-27;2022-06-29;morning;220629R8;wild;18.6;18.35;17.78;16.55;parental;8;30.14;f;756;754;753;side;not confirmed;hudsonica;
4;2022-06-27;2022-06-29;morning;220629R9;wild;18.6;18.35;17.78;16.55;parental;9;30.88;f;771;771;768;side;hudsonica;hudsonica;
4;2022-06-27;2022-06-29;morning;220629R10;wild;18.6;18.35;17.78;16.55;parental;10;29.05;f;769;784;766;side;not confirmed;hudsonica;
4;2022-06-27;2022-06-29;afternoon;220629L1;wild;18.6;18.35;17.78;16.55;parental;1;28.68;f;724;735;733;side;not confirmed;hudsonica;legs covered in tiny particles
4;2022-06-27;2022-06-29;afternoon;220629L2;wild;18.6;18.35;17.78;16.55;parental;2;29.53;f;736;740;745;side;not confirmed;hudsonica;
4;2022-06-27;2022-06-29;afternoon;220629L3;wild;18.6;18.35;17.78;16.55;parental;3;29.06;m;656;649;656;top;not confirmed;hudsonica;
4;2022-06-27;2022-06-29;afternoon;220629L4;wild;18.6;18.35;17.78;16.55;parental;4;28.32;m;707;708;714;side;failed;hudsonica;
4;2022-06-27;2022-06-29;afternoon;220629L5;wild;18.6;18.35;17.78;16.55;parental;5;29.43;f;746;746;741;side;not confirmed;hudsonica;
4;2022-06-27;2022-06-29;afternoon;220629L6;wild;18.6;18.35;17.78;16.55;parental;6;29.25;f;746;762;756;side;not confirmed;hudsonica;
4;2022-06-27;2022-06-29;afternoon;220629L7;wild;18.6;18.35;17.78;16.55;parental;7;28.42;m;677;672;680;side;not confirmed;hudsonica;
4;2022-06-27;2022-06-29;afternoon;220629L8;wild;18.6;18.35;17.78;16.55;parental;8;28.50;m;695;688;688;top;not confirmed;hudsonica;
4;2022-06-27;2022-06-29;afternoon;220629L9;wild;18.6;18.35;17.78;16.55;parental;9;29.81;f;783;783;790;side;not confirmed;hudsonica;
4;2022-06-27;2022-06-29;afternoon;220629L10;wild;18.6;18.35;17.78;16.55;parental;10;28.60;m;683;696;685;side;not confirmed;hudsonica;
4;2022-06-27;2022-06-30;morning;220630L1;wild;18.6;18.35;17.78;16.55;parental;1;28.93;m;674;675;682;side;not confirmed;hudsonica;
4;2022-06-27;2022-06-30;morning;220630L2;wild;18.6;18.35;17.78;16.55;parental;2;29.20;m;692;691;694;side;not confirmed;hudsonica;
4;2022-06-27;2022-06-30;morning;220630L3;wild;18.6;18.35;17.78;16.55;parental;3;28.53;m;659;656;656;top;not confirmed;hudsonica;
4;2022-06-27;2022-06-30;morning;220630L4;wild;18.6;18.35;17.78;16.55;parental;4;28.14;m;691;707;700;side;not confirmed;hudsonica;
4;2022-06-27;2022-06-30;morning;220630L5;wild;18.6;18.35;17.78;16.55;parental;5;28.63;m;688;681;688;top;not confirmed;hudsonica;
4;2022-06-27;2022-06-30;morning;220630L6;wild;18.6;18.35;17.78;16.55;parental;6;30.09;f;694;695;702;side;not confirmed;hudsonica;
4;2022-06-27;2022-06-30;morning;220630L7;wild;18.6;18.35;17.78;16.55;parental;7;29.36;f;832;830;839;side;not confirmed;hudsonica;
4;2022-06-27;2022-06-30;morning;220630L8;wild;18.6;18.35;17.78;16.55;parental;8;28.74;f;744;747;750;side;not confirmed;hudsonica;tiny particles
4;2022-06-27;2022-06-30;morning;220630L9;wild;18.6;18.35;17.78;16.55;parental;9;29.82;f;768;771;774;side;not confirmed;hudsonica;
4;2022-06-27;2022-06-30;morning;220630L10;wild;18.6;18.35;17.78;16.55;parental;10;28.83;f;758;758;752;side;failed;hudsonica;
4;2022-06-27;2022-06-30;afternoon;220630R1;wild;18.6;18.35;17.78;16.55;parental;1;28.81;m;676;681;687;side;not confirmed;hudsonica;
4;2022-06-27;2022-06-30;afternoon;220630R2;wild;18.6;18.35;17.78;16.55;parental;2;30.28;f;702;711;707;side;not confirmed;hudsonica;tiny particles
4;2022-06-27;2022-06-30;afternoon;220630R3;wild;18.6;18.35;17.78;16.55;parental;3;29.17;m;674;674;677;top;not confirmed;hudsonica;
4;2022-06-27;2022-06-30;afternoon;220630R4;wild;18.6;18.35;17.78;16.55;parental;4;29.11;f;702;709;705;side;not confirmed;hudsonica;sudden temperature jump (.07-.11)
4;2022-06-27;2022-06-30;afternoon;220630R5;wild;18.6;18.35;17.78;16.55;parental;5;28.52;m;679;693;693;side;not confirmed;hudsonica;
4;2022-06-27;2022-06-30;afternoon;220630R6;wild;18.6;18.35;17.78;16.55;parental;6;29.06;m;662;654;664;side;hudsonica;hudsonica;
4;2022-06-27;2022-06-30;afternoon;220630R7;wild;18.6;18.35;17.78;16.55;parental;7;29.47;f;744;747;738;side;not confirmed;hudsonica;tiny particles
4;2022-06-27;2022-06-30;afternoon;220630R8;wild;18.6;18.35;17.78;16.55;parental;8;29.40;f;733;746;736;top;not confirmed;hudsonica;
4;2022-06-27;2022-06-30;afternoon;220630R9;wild;18.6;18.35;17.78;16.55;parental;9;28.11;m;697;708;695;side;not confirmed;hudsonica;
4;2022-06-27;2022-06-30;afternoon;220630R10;wild;18.6;18.35;17.78;16.55;parental;10;29.31;f;825;816;821;side;not confirmed;hudsonica;tiny particles
4;2022-06-27;2022-07-14;morning;220714R1;warm;18;18;18;18;f1;1;28.25;m;609;612;609;top;not confirmed;hudsonica;
4;2022-06-27;2022-07-14;morning;220714R2;warm;18;18;18;18;f1;2;30.27;f;651;655;655;side;not confirmed;hudsonica;
4;2022-06-27;2022-07-14;morning;220714R3;warm;18;18;18;18;f1;3;28.77;m;599;605;599;top;hudsonica;hudsonica;
4;2022-06-27;2022-07-14;morning;220714R4;warm;18;18;18;18;f1;4;28.83;f;677;683;684;side;not confirmed;hudsonica;
4;2022-06-27;2022-07-14;morning;220714R5;warm;18;18;18;18;f1;5;29.98;f;671;674;674;side;hudsonica;hudsonica;additional tiny copepod inside
4;2022-06-27;2022-07-14;morning;220714R6;warm;18;18;18;18;f1;6;33.22;m;681;679;667;top;tonsa;tonsa;
4;2022-06-27;2022-07-14;morning;220714R7;warm;18;18;18;18;f1;7;29.20;f;665;665;661;side;not confirmed;hudsonica;
4;2022-06-27;2022-07-14;morning;220714R8;warm;18;18;18;18;f1;8;33.79;m;710;710;714;top;tonsa;tonsa;
4;2022-06-27;2022-07-14;morning;220714R9;warm;18;18;18;18;f1;9;34.05;m;699;698;695;side;tonsa;tonsa;
4;2022-06-27;2022-07-14;morning;220714R10;warm;18;18;18;18;f1;10;28.47;f;646;642;647;top;not confirmed;hudsonica;
4;2022-06-27;2022-07-14;afternoon;220714L1;warm;18;18;18;18;f1;1;33.39;m;706;699;712;side;tonsa;tonsa;
4;2022-06-27;2022-07-14;afternoon;220714L2;warm;18;18;18;18;f1;2;29.10;f;696;687;685;side;not confirmed;hudsonica;
4;2022-06-27;2022-07-14;afternoon;220714L3;warm;18;18;18;18;f1;3;29.33;f;664;661;665;top;not confirmed;hudsonica;
4;2022-06-27;2022-07-14;afternoon;220714L4;warm;18;18;18;18;f1;4;28.51;m;648;651;651;top;not confirmed;hudsonica;
4;2022-06-27;2022-07-14;afternoon;220714L5;warm;18;18;18;18;f1;5;28.87;f;638;646;654;side;not confirmed;hudsonica;
4;2022-06-27;2022-07-14;afternoon;220714L6;warm;18;18;18;18;f1;6;32.99;m;667;658;661;top;tonsa;tonsa;
4;2022-06-27;2022-07-14;afternoon;220714L7;warm;18;18;18;18;f1;7;28.61;m;624;631;634;top;not confirmed;hudsonica;
4;2022-06-27;2022-07-14;afternoon;220714L8;warm;18;18;18;18;f1;8;30.38;f;648;661;662;top;not confirmed;hudsonica;
4;2022-06-27;2022-07-14;afternoon;220714L9;warm;18;18;18;18;f1;9;34.95;m;688;694;697;top;tonsa;tonsa;
4;2022-06-27;2022-07-14;afternoon;220714L10;warm;18;18;18;18;f1;10;29.52;f;653;652;650;top;not confirmed;hudsonica;
4;2022-06-27;2022-07-15;morning;220715L1;warm;18;18;18;18;f1;1;29.10;m;635;639;632;top;not confirmed;hudsonica;
4;2022-06-27;2022-07-15;morning;220715L2;warm;18;18;18;18;f1;2;29.70;f;624;613;615;top;not confirmed;hudsonica;
4;2022-06-27;2022-07-15;morning;220715L3;warm;18;18;18;18;f1;3;29.23;m;619;621;623;side;not confirmed;hudsonica;
4;2022-06-27;2022-07-15;morning;220715L4;warm;18;18;18;18;f1;4;34.02;f;772;780;777;side;tonsa;tonsa;
4;2022-06-27;2022-07-15;morning;220715L5;warm;18;18;18;18;f1;5;33.36;m;666;643;663;top;tonsa;tonsa;
4;2022-06-27;2022-07-15;morning;220715L6;warm;18;18;18;18;f1;6;29.52;f;660;661;661;top;not confirmed;hudsonica;
4;2022-06-27;2022-07-15;morning;220715L7;warm;18;18;18;18;f1;7;28.83;m;641;636;635;side;not confirmed;hudsonica;
4;2022-06-27;2022-07-15;morning;220715L8;warm;18;18;18;18;f1;8;29.34;m;623;618;624;top;not confirmed;hudsonica;
4;2022-06-27;2022-07-15;morning;220715L9;warm;18;18;18;18;f1;9;29.58;f;674;672;669;top;hudsonica;hudsonica;
4;2022-06-27;2022-07-15;morning;220715L10;warm;18;18;18;18;f1;10;29.03;f;612;612;609;top;not confirmed;hudsonica;
4;2022-06-27;2022-07-15;afternoon;220715R1;warm;18;18;18;18;f1;1;28.98;f;669;682;666;top;not confirmed;hudsonica;
4;2022-06-27;2022-07-15;afternoon;220715R2;warm;18;18;18;18;f1;2;28.32;m;615;618;622;top;not confirmed;hudsonica;
4;2022-06-27;2022-07-15;afternoon;220715R3;warm;18;18;18;18;f1;3;28.46;f;655;661;658;side;not confirmed;hudsonica;
4;2022-06-27;2022-07-15;afternoon;220715R4;warm;18;18;18;18;f1;4;28.00;m;644;648;647;side;not confirmed;hudsonica;
4;2022-06-27;2022-07-15;afternoon;220715R5;warm;18;18;18;18;f1;5;28.88;f;743;740;737;top;not confirmed;hudsonica;
4;2022-06-27;2022-07-15;afternoon;220715R6;warm;18;18;18;18;f1;6;34.81;f;799;796;803;side;tonsa;tonsa;
4;2022-06-27;2022-07-15;afternoon;220715R7;warm;18;18;18;18;f1;7;33.78;m;675;675;685;top;tonsa;tonsa;
4;2022-06-27;2022-07-15;afternoon;220715R8;warm;18;18;18;18;f1;8;28.55;f;631;638;628;top;not confirmed;hudsonica;
4;2022-06-27;2022-07-15;afternoon;220715R9;warm;18;18;18;18;f1;9;28.65;m;618;625;619;top;not confirmed;hudsonica;
4;2022-06-27;2022-07-15;afternoon;220715R10;warm;18;18;18;18;f1;10;34.34;m;707;702;698;side;tonsa;tonsa;
5;2022-07-19;2022-07-21;morning;220721R1;wild;18.3;19.16;18.50;18.11;parental;1;29.26;m;667;654;667;side;not confirmed;hudsonica;
5;2022-07-19;2022-07-21;morning;220721R2;wild;18.3;19.16;18.50;18.11;parental;2;29.70;f;719;710;717;side;not confirmed;hudsonica;
5;2022-07-19;2022-07-21;morning;220721R3;wild;18.3;19.16;18.50;18.11;parental;3;28.71;m;642;641;642;top;not confirmed;hudsonica;
5;2022-07-19;2022-07-21;morning;220721R4;wild;18.3;19.16;18.50;18.11;parental;4;29.10;f;695;713;707;side;not confirmed;hudsonica;
5;2022-07-19;2022-07-21;morning;220721R5;wild;18.3;19.16;18.50;18.11;parental;5;30.77;f;741;748;739;side;hudsonica;hudsonica;
5;2022-07-19;2022-07-21;morning;220721R6;wild;18.3;19.16;18.50;18.11;parental;6;28.86;m;645;638;654;side;not confirmed;hudsonica;
5;2022-07-19;2022-07-21;morning;220721R7;wild;18.3;19.16;18.50;18.11;parental;7;28.51;m;621;625;635;top;not confirmed;hudsonica;
5;2022-07-19;2022-07-21;morning;220721R8;wild;18.3;19.16;18.50;18.11;parental;8;28.59;m;677;666;671;side;not confirmed;hudsonica;
5;2022-07-19;2022-07-21;morning;220721R9;wild;18.3;19.16;18.50;18.11;parental;9;30.29;f;665;675;664;side;not confirmed;hudsonica;
5;2022-07-19;2022-07-21;morning;220721R10;wild;18.3;19.16;18.50;18.11;parental;10;28.99;f;721;734;740;side;not confirmed;hudsonica;
5;2022-07-19;2022-07-21;afternoon;220721L1;wild;18.3;19.16;18.50;18.11;parental;1;35.54;f;822;819;822;top;tonsa;tonsa;
5;2022-07-19;2022-07-21;afternoon;220721L2;wild;18.3;19.16;18.50;18.11;parental;2;29.15;m;675;673;670;side;not confirmed;hudsonica;
5;2022-07-19;2022-07-21;afternoon;220721L3;wild;18.3;19.16;18.50;18.11;parental;3;28.93;f;678;682;684;top;not confirmed;hudsonica;
5;2022-07-19;2022-07-21;afternoon;220721L4;wild;18.3;19.16;18.50;18.11;parental;4;29.65;f;704;703;703;side;hudsonica;hudsonica;
5;2022-07-19;2022-07-21;afternoon;220721L5;wild;18.3;19.16;18.50;18.11;parental;5;28.69;m;628;632;635;top;not confirmed;hudsonica;
5;2022-07-19;2022-07-21;afternoon;220721L6;wild;18.3;19.16;18.50;18.11;parental;6;28.34;m;614;613;620;top;not confirmed;hudsonica;
5;2022-07-19;2022-07-21;afternoon;220721L7;wild;18.3;19.16;18.50;18.11;parental;7;28.79;m;642;645;636;top;not confirmed;hudsonica;
5;2022-07-19;2022-07-21;afternoon;220721L8;wild;18.3;19.16;18.50;18.11;parental;8;30.83;f;664;663;666;side;hudsonica;hudsonica;
5;2022-07-19;2022-07-21;afternoon;220721L9;wild;18.3;19.16;18.50;18.11;parental;9;28.49;m;668;667;667;top;failed;hudsonica;
5;2022-07-19;2022-07-21;afternoon;220721L10;wild;18.3;19.16;18.50;18.11;parental;10;29.41;f;671;672;666;side;not confirmed;hudsonica;
5;2022-07-19;2022-07-22;morning;220722L1;wild;18.3;19.16;18.50;18.11;parental;1;28.46;m;630;633;637;side;not confirmed;hudsonica;
5;2022-07-19;2022-07-22;morning;220722L2;wild;18.3;19.16;18.50;18.11;parental;2;28.82;f;707;713;704;top;not confirmed;hudsonica;
5;2022-07-19;2022-07-22;morning;220722L3;wild;18.3;19.16;18.50;18.11;parental;3;28.34;m;668;671;668;side;hudsonica;hudsonica;
5;2022-07-19;2022-07-22;morning;220722L4;wild;18.3;19.16;18.50;18.11;parental;4;28.06;f;705;701;710;side;not confirmed;hudsonica;
5;2022-07-19;2022-07-22;morning;220722L5;wild;18.3;19.16;18.50;18.11;parental;5;29.03;f;724;722;730;side;not confirmed;hudsonica;
5;2022-07-19;2022-07-22;morning;220722L6;wild;18.3;19.16;18.50;18.11;parental;6;28.16;m;681;671;674;side;not confirmed;hudsonica;
5;2022-07-19;2022-07-22;morning;220722L7;wild;18.3;19.16;18.50;18.11;parental;7;29.25;f;749;741;748;side;not confirmed;hudsonica;
5;2022-07-19;2022-07-22;morning;220722L8;wild;18.3;19.16;18.50;18.11;parental;8;34.05;m;766;764;769;side;tonsa;tonsa;
5;2022-07-19;2022-07-22;morning;220722L9;wild;18.3;19.16;18.50;18.11;parental;9;29.51;f;730;733;733;top;not confirmed;hudsonica;
5;2022-07-19;2022-07-22;morning;220722L10;wild;18.3;19.16;18.50;18.11;parental;10;28.95;m;667;659;661;side;not confirmed;hudsonica;
5;2022-07-19;2022-07-22;afternoon;220722R1;wild;18.3;19.16;18.50;18.11;parental;1;29.15;m;646;639;646;side;not confirmed;hudsonica;
5;2022-07-19;2022-07-22;afternoon;220722R2;wild;18.3;19.16;18.50;18.11;parental;2;34.33;m;769;769;772;top;tonsa;tonsa;
5;2022-07-19;2022-07-22;afternoon;220722R3;wild;18.3;19.16;18.50;18.11;parental;3;29.43;f;674;679;674;side;not confirmed;hudsonica;
5;2022-07-19;2022-07-22;afternoon;220722R4;wild;18.3;19.16;18.50;18.11;parental;4;29.93;f;726;726;730;top;not confirmed;hudsonica;
5;2022-07-19;2022-07-22;afternoon;220722R5;wild;18.3;19.16;18.50;18.11;parental;5;34.30;m;716;727;717;top;tonsa;tonsa;
5;2022-07-19;2022-07-22;afternoon;220722R6;wild;18.3;19.16;18.50;18.11;parental;6;29.53;f;714;715;724;side;not confirmed;hudsonica;
5;2022-07-19;2022-07-22;afternoon;220722R7;wild;18.3;19.16;18.50;18.11;parental;7;29.35;m;665;658;665;side;not confirmed;hudsonica;
5;2022-07-19;2022-07-22;afternoon;220722R8;wild;18.3;19.16;18.50;18.11;parental;8;34.94;m;759;759;762;top;tonsa;tonsa;
5;2022-07-19;2022-07-22;afternoon;220722R9;wild;18.3;19.16;18.50;18.11;parental;9;29.62;f;679;688;682;side;not confirmed;hudsonica;
5;2022-07-19;2022-07-22;afternoon;220722R10;wild;18.3;19.16;18.50;18.11;parental;10;29.72;f;707;695;705;side;not confirmed;hudsonica;
5;2022-07-19;2022-08-04;morning;220804R1;warm;18;18;18;18;f1;1;35.49;f;729;736;722;top;not confirmed;tonsa;
5;2022-07-19;2022-08-04;morning;220804R2;warm;18;18;18;18;f1;2;35.28;f;719;723;722;side;not confirmed;tonsa;
5;2022-07-19;2022-08-04;morning;220804R3;warm;18;18;18;18;f1;3;34.93;m;710;714;710;top;not confirmed;tonsa;
5;2022-07-19;2022-08-04;morning;220804R4;warm;18;18;18;18;f1;4;34.97;m;699;694;691;side;not confirmed;tonsa;
5;2022-07-19;2022-08-04;morning;220804R5;warm;18;18;18;18;f1;5;35.45;f;820;814;817;side;not confirmed;tonsa;
5;2022-07-19;2022-08-04;morning;220804R6;warm;18;18;18;18;f1;6;34.77;m;708;711;707;side;not confirmed;tonsa;
5;2022-07-19;2022-08-04;morning;220804R7;warm;18;18;18;18;f1;7;34.83;m;671;670;673;side;tonsa;tonsa;
5;2022-07-19;2022-08-04;morning;220804R8;warm;18;18;18;18;f1;8;35.07;f;733;735;731;side;not confirmed;tonsa;
5;2022-07-19;2022-08-04;morning;220804R9;warm;18;18;18;18;f1;9;35.37;f;735;731;728;side;not confirmed;tonsa;
5;2022-07-19;2022-08-04;morning;220804R10;warm;18;18;18;18;f1;10;35.17;m;677;676;680;side;not confirmed;tonsa;additional female in vial
5;2022-07-19;2022-08-04;afternoon;220804L1;warm;18;18;18;18;f1;1;35.59;m;664;666;668;side;not confirmed;tonsa;
5;2022-07-19;2022-08-04;afternoon;220804L2;warm;18;18;18;18;f1;2;36.02;f;755;758;755;top;tonsa;tonsa;
5;2022-07-19;2022-08-04;afternoon;220804L3;warm;18;18;18;18;f1;3;35.70;f;824;827;826;side;not confirmed;tonsa;
5;2022-07-19;2022-08-04;afternoon;220804L4;warm;18;18;18;18;f1;4;35.16;m;658;645;652;side;not confirmed;tonsa;
5;2022-07-19;2022-08-04;afternoon;220804L5;warm;18;18;18;18;f1;5;35.90;f;754;755;757;side;not confirmed;tonsa;
5;2022-07-19;2022-08-04;afternoon;220804L6;warm;18;18;18;18;f1;6;34.70;m;686;692;685;top;tonsa;tonsa;
5;2022-07-19;2022-08-04;afternoon;220804L7;warm;18;18;18;18;f1;7;35.53;f;755;765;752;top;not confirmed;tonsa;
5;2022-07-19;2022-08-04;afternoon;220804L8;warm;18;18;18;18;f1;8;35.25;m;671;671;668;top;not confirmed;tonsa;
5;2022-07-19;2022-08-04;afternoon;220804L9;warm;18;18;18;18;f1;9;34.37;m;707;708;702;side;not confirmed;tonsa;
5;2022-07-19;2022-08-04;afternoon;220804L10;warm;18;18;18;18;f1;10;35.97;f;855;843;857;side;not confirmed;tonsa;
5;2022-07-19;2022-08-05;morning;220805L1;warm;18;18;18;18;f1;1;35.94;f;743;749;740;top;not confirmed;tonsa;
5;2022-07-19;2022-08-05;morning;220805L2;warm;18;18;18;18;f1;2;34.55;m;694;698;698;top;not confirmed;tonsa;
5;2022-07-19;2022-08-05;morning;220805L3;warm;18;18;18;18;f1;3;35.10;m;689;695;692;side;not confirmed;tonsa;
5;2022-07-19;2022-08-05;morning;220805L4;warm;18;18;18;18;f1;4;35.70;f;805;805;814;side;not confirmed;tonsa;
5;2022-07-19;2022-08-05;morning;220805L5;warm;18;18;18;18;f1;5;34.79;m;678;684;681;side;not confirmed;tonsa;
5;2022-07-19;2022-08-05;morning;220805L6;warm;18;18;18;18;f1;6;35.81;m;690;702;698;side;not confirmed;tonsa;
5;2022-07-19;2022-08-05;morning;220805L7;warm;18;18;18;18;f1;7;35.94;f;776;769;775;side;not confirmed;tonsa;
5;2022-07-19;2022-08-05;morning;220805L8;warm;18;18;18;18;f1;8;35.46;m;713;709;712;side;tonsa;tonsa;
5;2022-07-19;2022-08-05;morning;220805L9;warm;18;18;18;18;f1;9;35.55;f;779;786;779;side;tonsa;tonsa;
5;2022-07-19;2022-08-05;morning;220805L10;warm;18;18;18;18;f1;10;35.86;f;852;852;849;top;not confirmed;tonsa;
5;2022-07-19;2022-08-05;afternoon;220805R1;warm;18;18;18;18;f1;1;35.46;f;756;767;760;top;not confirmed;tonsa;
5;2022-07-19;2022-08-05;afternoon;220805R2;warm;18;18;18;18;f1;2;34.01;m;683;682;686;top;not confirmed;tonsa;temp jump between 33.95-34.06
5;2022-07-19;2022-08-05;afternoon;220805R3;warm;18;18;18;18;f1;3;35.58;f;758;752;769;side;not confirmed;tonsa;temp jump between 35.55-35.61
5;2022-07-19;2022-08-05;afternoon;220805R4;warm;18;18;18;18;f1;4;35.31;f;794;795;802;top;not confirmed;tonsa;temp jump between 35.34-35.27
5;2022-07-19;2022-08-05;afternoon;220805R5;warm;18;18;18;18;f1;5;35.33;m;682;682;690;side;not confirmed;tonsa;
5;2022-07-19;2022-08-05;afternoon;220805R6;warm;18;18;18;18;f1;6;35.67;f;728;734;722;top;not confirmed;tonsa;
5;2022-07-19;2022-08-05;afternoon;220805R7;warm;18;18;18;18;f1;7;34.86;m;639;642;642;top;not confirmed;tonsa;
5;2022-07-19;2022-08-05;afternoon;220805R8;warm;18;18;18;18;f1;8;34.81;m;712;710;709;top;not confirmed;tonsa;
5;2022-07-19;2022-08-05;afternoon;220805R9;warm;18;18;18;18;f1;9;34.97;m;658;658;662;top;not confirmed;tonsa;
5;2022-07-19;2022-08-05;afternoon;220805R10;warm;18;18;18;18;f1;10;35.47;f;814;814;809;side;not confirmed;tonsa;temp jump between 35.43-35.51
4;2022-06-27;2022-08-08;morning;220808R1;cold;11;11;11;11;f1;1;28.37;f;730;727;730;side;not confirmed;hudsonica;
4;2022-06-27;2022-08-08;morning;220808R2;cold;11;11;11;11;f1;2;27.96;m;657;664;654;side;not confirmed;hudsonica;
4;2022-06-27;2022-08-08;morning;220808R3;cold;11;11;11;11;f1;3;27.32;m;703;710;706;top;not confirmed;hudsonica;
4;2022-06-27;2022-08-08;morning;220808R4;cold;11;11;11;11;f1;4;28.88;f;745;749;742;side;not confirmed;hudsonica;
4;2022-06-27;2022-08-08;morning;220808R5;cold;11;11;11;11;f1;5;27.66;f;723;729;729;side;not confirmed;hudsonica;additional juvenile inside
4;2022-06-27;2022-08-08;morning;220808R6;cold;11;11;11;11;f1;6;28.45;m;666;676;671;side;not confirmed;hudsonica;
4;2022-06-27;2022-08-08;morning;220808R7;cold;11;11;11;11;f1;7;28.53;m;701;705;705;top;not confirmed;hudsonica;
4;2022-06-27;2022-08-08;morning;220808R8;cold;11;11;11;11;f1;8;28.70;f;774;774;775;side;not confirmed;hudsonica;
4;2022-06-27;2022-08-08;morning;220808R9;cold;11;11;11;11;f1;9;28.78;f;742;736;739;side;not confirmed;hudsonica;
4;2022-06-27;2022-08-08;morning;220808R10;cold;11;11;11;11;f1;10;27.87;m;676;669;682;side;not confirmed;hudsonica;
4;2022-06-27;2022-08-08;afternoon;220808L1;cold;11;11;11;11;f1;1;28.40;m;661;661;660;top;not confirmed;hudsonica;
4;2022-06-27;2022-08-08;afternoon;220808L2;cold;11;11;11;11;f1;2;28.06;f;761;760;761;side;not confirmed;hudsonica;
4;2022-06-27;2022-08-08;afternoon;220808L3;cold;11;11;11;11;f1;3;28.64;f;756;755;755;side;not confirmed;hudsonica;
4;2022-06-27;2022-08-08;afternoon;220808L4;cold;11;11;11;11;f1;4;27.42;m;701;692;688;top;not confirmed;hudsonica;
4;2022-06-27;2022-08-08;afternoon;220808L5;cold;11;11;11;11;f1;5;29.34;f;771;763;767;side;not confirmed;hudsonica;
4;2022-06-27;2022-08-08;afternoon;220808L6;cold;11;11;11;11;f1;6;26.77;m;712;719;722;side;not confirmed;hudsonica;
4;2022-06-27;2022-08-08;afternoon;220808L7;cold;11;11;11;11;f1;7;28.22;f;737;740;740;top;not confirmed;hudsonica;
4;2022-06-27;2022-08-08;afternoon;220808L8;cold;11;11;11;11;f1;8;26.86;m;690;694;700;top;not confirmed;hudsonica;
4;2022-06-27;2022-08-08;afternoon;220808L9;cold;11;11;11;11;f1;9;27.55;m;683;690;687;side;not confirmed;hudsonica;
4;2022-06-27;2022-08-08;afternoon;220808L10;cold;11;11;11;11;f1;10;28.32;f;781;788;778;top;not confirmed;hudsonica;
4;2022-06-27;2022-08-09;morning;220809L1;cold;11;11;11;11;f1;1;27.23;m;671;672;678;side;not confirmed;hudsonica;
4;2022-06-27;2022-08-09;morning;220809L2;cold;11;11;11;11;f1;2;27.67;m;715;711;709;side;not confirmed;hudsonica;
4;2022-06-27;2022-08-09;morning;220809L3;cold;11;11;11;11;f1;3;27.32;m;684;681;687;top;not confirmed;hudsonica;
4;2022-06-27;2022-08-09;morning;220809L4;cold;11;11;11;11;f1;4;29.43;f;729;729;736;side;not confirmed;hudsonica;
4;2022-06-27;2022-08-09;morning;220809L5;cold;11;11;11;11;f1;5;28.77;m;731;727;730;side;not confirmed;hudsonica;
4;2022-06-27;2022-08-09;morning;220809L6;cold;11;11;11;11;f1;6;27.54;f;723;723;726;top;not confirmed;hudsonica;
4;2022-06-27;2022-08-09;morning;220809L7;cold;11;11;11;11;f1;7;28.65;f;750;749;745;side;not confirmed;hudsonica;
4;2022-06-27;2022-08-09;morning;220809L8;cold;11;11;11;11;f1;8;27.41;m;681;681;687;top;not confirmed;hudsonica;
4;2022-06-27;2022-08-09;morning;220809L9;cold;11;11;11;11;f1;9;28.23;f;694;699;700;side;not confirmed;hudsonica;
4;2022-06-27;2022-08-09;morning;220809L10;cold;11;11;11;11;f1;10;28.07;f;732;742;732;top;not confirmed;hudsonica;
4;2022-06-27;2022-08-09;afternoon;220809R1;cold;11;11;11;11;f1;1;28.40;m;694;691;684;top;not confirmed;hudsonica;
4;2022-06-27;2022-08-09;afternoon;220809R2;cold;11;11;11;11;f1;2;28.48;f;756;762;759;top;not confirmed;hudsonica;
4;2022-06-27;2022-08-09;afternoon;220809R3;cold;11;11;11;11;f1;3;26.87;m;657;666;664;top;not confirmed;hudsonica;
4;2022-06-27;2022-08-09;afternoon;220809R4;cold;11;11;11;11;f1;4;27.54;f;770;766;764;side;not confirmed;hudsonica;
4;2022-06-27;2022-08-09;afternoon;220809R5;cold;11;11;11;11;f1;5;26.97;m;703;691;697;side;not confirmed;hudsonica;
4;2022-06-27;2022-08-09;afternoon;220809R6;cold;11;11;11;11;f1;6;28.64;f;766;762;763;side;not confirmed;hudsonica;
4;2022-06-27;2022-08-09;afternoon;220809R7;cold;11;11;11;11;f1;7;27.24;m;684;674;684;top;not confirmed;hudsonica;
4;2022-06-27;2022-08-09;afternoon;220809R8;cold;11;11;11;11;f1;8;28.04;f;695;689;693;side;not confirmed;hudsonica;
4;2022-06-27;2022-08-09;afternoon;220809R9;cold;11;11;11;11;f1;9;29.12;f;775;771;765;side;not confirmed;hudsonica;
4;2022-06-27;2022-08-09;afternoon;220809R10;cold;11;11;11;11;f1;10;28.11;m;719;726;720;side;not confirmed;hudsonica;
5;2022-07-19;2022-08-23;morning;220823R1;cold;11;11;11;11;f1;1;28.55;f;806;807;790;side;not confirmed;hudsonica;
5;2022-07-19;2022-08-23;morning;220823R2;cold;11;11;11;11;f1;2;28.11;m;752;750;748;side;not confirmed;hudsonica;
5;2022-07-19;2022-08-23;morning;220823R3;cold;11;11;11;11;f1;3;29.20;f;737;731;734;top;not confirmed;hudsonica;
5;2022-07-19;2022-08-23;morning;220823R4;cold;11;11;11;11;f1;4;26.58;m;701;701;694;top;not confirmed;hudsonica;
5;2022-07-19;2022-08-23;morning;220823R5;cold;11;11;11;11;f1;5;27.78;f;755;766;748;side;hudsonica;hudsonica;a bit squished
5;2022-07-19;2022-08-23;morning;220823R6;cold;11;11;11;11;f1;6;27.38;m;715;729;736;side;hudsonica;hudsonica;a bit squished
5;2022-07-19;2022-08-23;morning;220823R7;cold;11;11;11;11;f1;7;28.22;f;755;755;755;top;not confirmed;hudsonica;
5;2022-07-19;2022-08-23;morning;220823R8;cold;11;11;11;11;f1;8;27.17;m;691;701;695;top;not confirmed;hudsonica;
5;2022-07-19;2022-08-23;morning;220823R9;cold;10.8;10.8;10.8;10.8;f1;9;27.26;m;740;739;743;top;not confirmed;hudsonica;
5;2022-07-19;2022-08-23;morning;220823R10;cold;10.8;10.8;10.8;10.8;f1;10;33.86;f;835;841;841;top;tonsa;tonsa;
5;2022-07-19;2022-08-23;afternoon;220823L1;cold;10.8;10.8;10.8;10.8;f1;1;26.75;m;698;706;702;side;not confirmed;hudsonica;
5;2022-07-19;2022-08-23;afternoon;220823L2;cold;10.8;10.8;10.8;10.8;f1;2;26.36;m;748;754;748;side;not confirmed;hudsonica;
5;2022-07-19;2022-08-23;afternoon;220823L3;cold;10.8;10.8;10.8;10.8;f1;3;27.69;f;745;745;758;top;not confirmed;hudsonica;
5;2022-07-19;2022-08-23;afternoon;220823L4;cold;10.8;10.8;10.8;10.8;f1;4;28.13;f;762;759;762;side;hudsonica;hudsonica;
5;2022-07-19;2022-08-23;afternoon;220823L5;cold;10.8;10.8;10.8;10.8;f1;5;27.40;m;703;700;700;side;not confirmed;hudsonica;
5;2022-07-19;2022-08-23;afternoon;220823L6;cold;10.8;10.8;10.8;10.8;f1;6;27.78;m;684;681;683;top;not confirmed;hudsonica;
5;2022-07-19;2022-08-23;afternoon;220823L7;cold;10.8;10.8;10.8;10.8;f1;7;28.39;f;792;792;792;top;not confirmed;hudsonica;
5;2022-07-19;2022-08-23;afternoon;220823L8;cold;10.8;10.8;10.8;10.8;f1;8;27.94;m;737;740;740;top;not confirmed;hudsonica;
5;2022-07-19;2022-08-23;afternoon;220823L9;cold;10.8;10.8;10.8;10.8;f1;9;28.02;f;779;777;783;side;not confirmed;hudsonica;
5;2022-07-19;2022-08-23;afternoon;220823L10;cold;10.8;10.8;10.8;10.8;f1;10;28.47;f;842;843;836;side;not confirmed;hudsonica;
5;2022-07-19;2022-08-24;morning;220824L1;cold;10.8;10.8;10.8;10.8;f1;1;27.69;f;790;790;796;top;not confirmed;hudsonica;
5;2022-07-19;2022-08-24;morning;220824L2;cold;10.8;10.8;10.8;10.8;f1;2;27.15;m;687;697;686;top;not confirmed;hudsonica;
5;2022-07-19;2022-08-24;morning;220824L3;cold;10.8;10.8;10.8;10.8;f1;3;26.93;m;711;701;716;side;not confirmed;hudsonica;
5;2022-07-19;2022-08-24;morning;220824L4;cold;10.8;10.8;10.8;10.8;f1;4;27.23;m;699;696;695;top;not confirmed;hudsonica;
5;2022-07-19;2022-08-24;morning;220824L5;cold;10.8;10.8;10.8;10.8;f1;5;28.44;f;740;740;740;top;not confirmed;hudsonica;
5;2022-07-19;2022-08-24;morning;220824L6;cold;10.8;10.8;10.8;10.8;f1;6;28.31;f;758;760;770;side;not confirmed;hudsonica;
5;2022-07-19;2022-08-24;morning;220824L7;cold;10.8;10.8;10.8;10.8;f1;7;27.57;m;688;679;684;side;not confirmed;hudsonica;
5;2022-07-19;2022-08-24;morning;220824L8;cold;10.8;10.8;10.8;10.8;f1;8;33.99;f;840;840;837;side;tonsa;tonsa;
5;2022-07-19;2022-08-24;morning;220824L9;cold;10.8;10.8;10.8;10.8;f1;9;28.07;m;724;720;720;top;not confirmed;hudsonica;
5;2022-07-19;2022-08-24;morning;220824L10;cold;10.8;10.8;10.8;10.8;f1;10;28.94;f;795;792;795;side;not confirmed;hudsonica;
5;2022-07-19;2022-08-24;afternoon;220824R1;cold;10.8;10.8;10.8;10.8;f1;1;27.57;m;732;734;739;side;not confirmed;hudsonica;
5;2022-07-19;2022-08-24;afternoon;220824R2;cold;10.8;10.8;10.8;10.8;f1;2;28.07;f;825;823;826;side;not confirmed;hudsonica;
5;2022-07-19;2022-08-24;afternoon;220824R3;cold;10.8;10.8;10.8;10.8;f1;3;27.82;m;750;750;743;side;not confirmed;hudsonica;
5;2022-07-19;2022-08-24;afternoon;220824R4;cold;10.8;10.8;10.8;10.8;f1;4;27.88;f;740;746;734;top;not confirmed;hudsonica;
5;2022-07-19;2022-08-24;afternoon;220824R5;cold;10.8;10.8;10.8;10.8;f1;5;27.33;m;738;730;732;side;not confirmed;hudsonica;
5;2022-07-19;2022-08-24;afternoon;220824R6;cold;10.8;10.8;10.8;10.8;f1;6;28.56;f;788;788;790;side;not confirmed;hudsonica;
5;2022-07-19;2022-08-24;afternoon;220824R7;cold;10.8;10.8;10.8;10.8;f1;7;28.26;f;747;753;740;side;not confirmed;hudsonica;
5;2022-07-19;2022-08-24;afternoon;220824R8;cold;10.8;10.8;10.8;10.8;f1;8;27.95;m;727;733;730;top;not confirmed;hudsonica;
5;2022-07-19;2022-08-24;afternoon;220824R9;cold;10.8;10.8;10.8;10.8;f1;9;27.40;m;747;742;743;side;not confirmed;hudsonica;
5;2022-07-19;2022-08-24;afternoon;220824R10;cold;10.8;10.8;10.8;10.8;f1;10;28.87;f;792;788;792;top;not confirmed;hudsonica;
